{
    "bert": {
        "precision": [
            0.903830885887146,
            0.8282351493835449,
            0.7648119926452637
        ],
        "recall": [
            0.9328668117523193,
            0.7849425077438354,
            0.8311190605163574
        ],
        "f1": [
            0.9181193113327026,
            0.8060079216957092,
            0.7965880632400513
        ],
        "hashcode": "roberta-large_L17_no-idf_version=0.3.12(hug_trans=4.34.1)"
    },
    "bleu": {
        "bleu": 0.07737845463622892,
        "precisions": [
            0.23595505617977527,
            0.10465116279069768,
            0.05952380952380952,
            0.024390243902439025
        ],
        "brevity_penalty": 1.0,
        "length_ratio": 1.78,
        "translation_length": 89,
        "reference_length": 50
    },
    "rouge": {
        "rouge1": 0.2679738562091503,
        "rouge2": 0.10101010101010101,
        "rougeL": 0.23856209150326793,
        "rougeLsum": 0.23856209150326793
    }
}